B1_nm,B2_nm,M1_nm,M2_HIGH_nm,M3_nm,Node_Vd1p0,Node_Vd0p05,Ion_A,Ioff_A,Ion_Ioff,Vth_Vd0p05_V,Vth_Vd1p0_V,SS_Vd1_mV_per_dec,SS_Vd0p05_mV_per_dec,DIBL_mV_per_V,SS_fit_points,SS_fit_R2,ForwardComplete,Ion_improvement_pct,Ioff_reduction_pct,Ion_Ioff_improvement_pct,SS_improvement_pct,DIBL_reduction_pct
33,55,13,22,25,123,126,1.07182269201468e-05,2.03399498250778e-15,5269544424.800862,0.4720884796385416,0.467869150289815,60.59116005553606,61.082076752639445,4.44139931444905,121,0.9999687837700211,PASS,26.44712411168775,34.413633553658016,92.79483063776317,-0.9080552389075569,-30.353278121757054
33,57,13,24,23,201,204,1.06568102365039e-05,1.63954796212689e-15,6499846593.496076,0.47594322692168267,0.47236972419407897,60.43423908027851,60.94078395926986,3.7615818185302166,121,0.9999774471153625,PASS,25.722567421763177,47.132616169078425,137.8074311826063,-0.6467202450748166,-10.400908869739723
33,59,13,26,21,271,274,1.06088581170091e-05,1.36748980852962e-15,7757906531.249524,0.47910843830649785,0.4760439912223466,60.30474044458175,60.67107192738344,3.2257337727908078,127,0.9999835278056189,PASS,25.15685747268752,55.905157846908,183.8355947349986,-0.43105420612996603,5.326015099926784
33,61,13,28,19,341,344,1.05566167810806e-05,1.17432841764661e-15,8989492736.824324,0.4819334512934816,0.4792916447917061,60.210727864694206,60.518612626370576,2.7808489492373463,120,0.9999874354303288,PASS,24.540545956134864,62.133665721651354,228.8951738519489,-0.2744863735327785,18.38320519498291
33,63,13,30,17,411,414,1.05181300122638e-05,1.04088139467462e-15,10105022595.347448,0.4840946247882536,0.48174643476120466,60.1146110238598,60.38041131909515,2.4717789758409965,121,0.9999901716360727,PASS,24.086502459062743,66.4366779832762,269.70864325418495,-0.11441412082433544,27.454284228599622
33,65,13,32,15,481,484,1.04704157170727e-05,9.20585668050983e-16,11373646234.619457,0.4864484753142288,0.4843859065569801,60.034919400521446,60.27635227496878,2.1711250076302053,120,0.999992557807184,PASS,23.523598216515886,70.31562541240862,316.12329696227147,0.018303700100941178,36.278356905220186
33,67,13,34,13,551,554,1.04393304740445e-05,8.54277802164492e-16,12220065238.256533,0.4879155887651726,0.48601399400961726,59.989770613571665,60.20673321116352,2.00167869005826,120,0.999993666416433,PASS,23.156873420286715,72.45372901035576,347.0909092072258,0.09349414509856047,41.251537967617715
35,55,15,20,25,134,137,1.07762254765587e-05,2.52077783758321e-15,4274960417.333081,0.4681227185588126,0.46336957176318805,60.71749669121274,61.251531241212334,5.003312416446897,121,0.9999589960773498,PASS,27.131355814893166,18.7172729493606,56.40636138559911,-1.1184553071662995,-46.84520097739671
35,57,15,22,23,211,214,1.07078879664826e-05,1.95063472171893e-15,5489437795.43032,0.47275629047459083,0.4687440644735386,60.551983315565046,61.00160502978152,4.223395790581286,128,0.9999699776714593,PASS,26.325151422837067,37.10159328717679,100.83998629663688,-0.8428105953415477,-23.95496264361301
35,59,15,24,21,281,284,1.0655474296636e-05,1.5751398214053e-15,6764779959.1083,0.47649269650899023,0.47307538716042385,60.401026603321206,60.80692407245669,3.597167735333029,121,0.9999788716895189,PASS,25.706806815504258,49.20946294393402,147.500448118398,-0.591408439584451,-5.575421856128271
35,61,15,26,19,351,354,1.05991296807021e-05,1.31910747479889e-15,8035076658.418628,0.4797586773767927,0.47684045631129984,60.28880731040789,60.657434125016465,3.0718116478871917,121,0.9999840061882135,PASS,25.042087296399163,57.46525091345062,193.97631344189784,-0.4045192861536595,9.84356737030665
35,63,15,28,17,421,424,1.05579859902745e-05,1.14806675769224e-15,9196317130.10957,0.4822072759709295,0.47964472512537065,60.169619484974206,60.49485231162051,2.697421942693518,120,0.999988451427405,PASS,24.55669905367288,62.98047550637016,236.46217977517802,-0.2060247918801661,20.8317541807708
35,65,15,30,15,491,494,1.05074820233457e-05,9.98465900334657e-16,10523626314.953665,0.48482856153314835,0.482613354272526,60.0826522962441,60.40077677208309,2.331797116444583,120,0.9999911394402516,PASS,23.960883960191826,67.80436973212882,285.02393936327286,-0.06119029991291658,31.56269533015015
35,67,15,32,13,561,564,1.04747621195708e-05,9.1803922619233e-16,11409928705.351778,0.486440730148282,0.4844220200010349,60.02818881305107,60.27355519888781,2.1249580497337712,120,0.9999926287542542,PASS,23.5748744304094,70.3977356783199,317.4507500086933,0.02951276907451339,37.6333384947231
37,55,17,18,25,144,147,1.08721364405482e-05,3.73284959536773e-15,2912556791.476396,0.46090380556870053,0.45511442787267875,60.96150255342089,61.64051051802851,6.094081785286085,122,0.9999346520922335,PASS,28.26285505050421,-20.366099010242202,6.560614745510751,-1.5248208066838798,-78.85884191268066
37,57,17,20,23,221,224,1.07900980974142e-05,2.67192892121137e-15,4038317790.4756174,0.46705672331042397,0.4622082974792813,60.76501213895681,61.36841948772675,5.103606138044889,122,0.9999538926994639,PASS,27.29501656066191,13.843391526420435,47.74840701824712,-1.1975871709772212,-49.78878124562374
37,59,17,22,21,291,294,1.07290488939998e-05,2.02592483128e-15,5295877087.0196,0.47189864481610916,0.46784301660090805,60.572315316846634,61.09236776457043,4.269082331790645,121,0.9999688670928922,PASS,26.574795179031142,34.67385636652356,93.75825379988876,-0.8766713550061533,-25.29584419716082
37,61,17,24,19,361,364,1.06650556581086e-05,1.61653326093101e-15,6597486062.220752,0.4760165757677848,0.47261866096825356,60.42007931324574,60.85198772174665,3.5767524205591803,121,0.9999776036908322,PASS,25.819841892323492,47.87472745217756,141.37972952926017,-0.6231386771925918,-4.976240603498927
37,63,17,26,17,431,434,1.06191128625092e-05,1.35892895067245e-15,7814325287.024356,0.4790338282871534,0.4760918132790576,60.281432687026324,60.64254813930529,3.09685790325876,149,0.9999805686986681,PASS,25.277836724819956,56.181203542863024,185.89976643325937,-0.39223764469191735,9.10846987935664
37,65,17,28,15,501,504,1.0563724018928e-05,1.14513448902868e-15,9224876309.40913,0.48218313082036957,0.4796821528895131,60.163816303307506,60.47518896655798,2.6326083482699607,120,0.9999884608425248,PASS,24.624392826785837,63.075026795208764,237.50706367639313,-0.19636021744970922,22.73400702988505
37,67,17,30,13,571,574,1.05282049664954e-05,1.03501164420421e-15,10172064271.402693,0.48408187976073047,0.4818248523180403,60.10089048008601,60.380985125356595,2.37581836072651,121,0.9999903001181221,PASS,24.205360643129392,66.62594865926687,272.1614717226025,-0.09156403200338836,30.27068956960536
39,55,19,16,25,154,157,1.09634499482485e-05,5.60947011352139e-15,1954453758.8000636,0.45324180704374034,0.4461478454821,61.11306375951368,61.96613567041348,7.4673279596213975,123,0.999909598560343,PASS,29.340116292244687,-80.87791051559793,-28.493138867229952,-1.7772296818806543,-119.16306313197347
39,57,19,18,23,231,234,1.08658509983193e-05,3.7244682434136e-15,2917423451.665783,0.4611157647101536,0.4551815917150247,60.95038254008578,61.676592314670025,6.246497889609351,122,0.999934516057329,PASS,28.1887032248771,-20.095841499625532,6.738669402867559,-1.506301621395978,-83.33219308658879
39,59,19,20,21,301,304,1.07951448721664e-05,2.64057430685671e-15,4088180682.5639906,0.4672442746301043,0.46231812005701395,60.736076990476654,61.36262852825068,5.185425866410915,122,0.9999556239327113,PASS,27.354555340556153,14.854424122141507,49.572721809112586,-1.1493987956679108,-52.19015726530418
39,61,19,22,19,371,374,1.07229016531831e-05,1.99675499864475e-15,5370163921.192643,0.47233608024951,0.46826729758485314,60.578062041635036,61.10890043756647,4.282929120691451,121,0.999968456527006,PASS,26.502273769633412,35.61444046277104,96.47615813059353,-0.886241906582641,-25.702241865302945
39,63,19,24,17,441,444,1.06719504455118e-05,1.61471791929772e-15,6609173229.559061,0.47598047887231426,0.4725076278647867,60.41356440598213,60.86295198531561,3.6556326395027248,127,0.9999778999419712,PASS,25.90118240181183,47.93326332006818,141.80732350437114,-0.6122888003882831,-7.291343207491741
39,65,19,26,15,511,514,1.06116461337112e-05,1.3137754454741e-15,8077214542.460712,0.47969768443369853,0.4767961730620837,60.25861598647585,60.65237122391343,3.0542224964366507,121,0.9999845859713377,PASS,25.189748798518053,57.63718271869389,195.51799628246602,-0.35423888583987484,10.359801869532825
39,67,19,28,13,581,584,1.05733876758419e-05,1.16526102878697e-15,9073836174.58548,0.481895465250188,0.47930947769455856,60.174269914296595,60.52385607659354,2.7220921638204665,120,0.9999880280021668,PASS,24.73839877518276,62.42604455914811,231.98101533798652,-0.2137695813596574,20.107693143199977
41,55,21,14,25,164,167,1.1090687638562e-05,9.81737187854561e-15,1129700267.624478,0.4420022358085813,0.43370571204891695,61.2982808773715,62.19877786933766,8.733182904909823,123,0.9998698856575574,PASS,30.841189197177666,-216.56211303551837,-58.66808319462498,-2.085688855510237,-156.31539510270343
41,57,21,16,23,241,244,1.09678603528931e-05,5.82388358497471e-15,1883255424.47132,0.4526239484718955,0.44572440325130674,61.195478334195194,61.98856779332017,7.262679179567133,123,0.9998998628523538,PASS,29.392147564546846,-87.791693799582,-31.098045421200162,-1.9144822851784093,-113.15670399716078
41,59,21,18,21,311,314,1.08817013444616e-05,3.74332726001481e-15,2906959661.4479675,0.4607451839401315,0.4549713510112261,60.94852052619714,61.67715239723458,6.077718872531975,122,0.9999348623990062,PASS,28.375695971046856,-20.703952327951967,6.35583466417966,-1.50320063768552,-78.37859702450329
41,61,21,20,19,381,384,1.07964896093573e-05,2.6263086939207e-15,4110898933.681592,0.46731509068249,0.4625918026667509,60.757289153796265,61.33285882936688,4.9718821218306575,122,0.9999542146069358,PASS,27.370419732282713,15.314420201605405,50.40390587807879,-1.1847253704690974,-45.922734510076246
41,63,21,22,17,451,454,1.07378997342224e-05,2.01491684950819e-15,5329202411.922535,0.47190761607684084,0.4679033353616826,60.55263548625512,61.02671658126416,4.215032331745513,121,0.9999692764288254,PASS,26.679212010327745,35.02880981160554,94.97751486928428,-0.8438967154283494,-23.70949850078472
41,65,21,24,15,521,524,1.06703480024521e-05,1.56326936647402e-15,6825661802.942667,0.4764758111301653,0.47316899369605603,60.37699244740457,60.80073784004073,3.4808604569571227,121,0.9999791576225119,PASS,25.882277752940187,49.59222692010069,149.7279091330008,-0.5513821398629437,-2.1618501566874393
41,67,21,26,13,591,594,1.06281752351382e-05,1.35166653565811e-15,7863015732.621857,0.4791122820883335,0.47619342003245657,60.26874473810561,60.66043767925585,3.0724863746073017,120,0.9999843565440278,PASS,25.384749086827483,56.41538082280335,187.6811853674023,-0.3711072314536379,9.823764413270897
43,55,23,12,25,174,177,1.12485828444633e-05,2.05836758478257e-14,546480761.1441041,0.4263576576950887,0.4165174720976798,61.415582938683926,62.34653426102231,10.358090102535687,123,0.9998197669170715,PASS,32.70394083007262,-563.722633820731,-80.00611489378325,-2.281042812617229,-204.00576583003001
43,57,23,14,23,251,254,1.10854225273451e-05,1.00269361690667e-14,1105564286.0821087,0.4417499447449945,0.4333789202562227,61.32749924648895,62.237971619572384,8.811604725022955,123,0.9998652284148832,PASS,30.779074616429835,-223.3195340077362,-59.55113723091638,-2.1343489043059938,-158.61704388595172
43,59,23,16,21,321,324,1.09782219961845e-05,5.81764698412743e-15,1887055372.410344,0.45248683298509157,0.4454118250594249,61.11939124312746,61.95771251400024,7.44737676385966,122,0.9999078697497022,PASS,29.514387931823084,-87.59059399743549,-30.959018161862815,-1.7877674247698483,-118.57750358511385
43,61,23,18,19,391,394,1.08756523877281e-05,3.71054944338219e-15,2931008615.7523,0.46113115257313503,0.45538925336400515,60.97355389114102,61.68972677675252,6.044104430663027,122,0.9999326703035905,PASS,28.304334057502235,-19.647028436071245,7.2357046677984815,-1.5448910124903126,-77.39202671644844
43,63,23,20,17,461,464,1.0807220224043e-05,2.65638858548408e-15,4068388293.452019,0.46699921818566137,0.46216920296835534,60.73026577188266,61.351588654773586,5.084226544532661,122,0.9999553143077132,PASS,27.497012999720162,14.344491166525032,48.848585147734426,-1.1397208366001,-49.21999799419039
43,65,23,22,15,531,534,1.07305770372163e-05,1.93380661935807e-15,5548940069.704763,0.47268347950429584,0.4687726210832879,60.5127285421031,61.05407478458638,4.116693074745229,121,0.9999714508739038,PASS,26.59282328352983,37.64421708788802,103.01697352105651,-0.7774359953956367,-20.823280980026837
43,67,23,24,13,601,604,1.06836693971962e-05,1.6164423387645e-15,6609372410.624978,0.475889910313711,0.4724878382121331,60.393203457014046,60.8728374425912,3.5811285279767278,120,0.9999786549745484,PASS,26.039435468213192,47.877659246298045,141.81461086676416,-0.578379831467668,-5.104677590786788
45,55,25,10,25,184,187,1.14647854143646e-05,5.1339465561512e-14,223313298.823264,0.4049029237238144,0.39409175321411477,61.340973625034906,62.124447747418316,11.380179483894372,123,0.9997847047490217,PASS,35.254567290330584,-1555.4460706314949,-91.829720720607,-2.1567890314364124,-234.00367683976557
45,57,25,12,23,261,264,1.12440962296907e-05,2.05519379543247e-14,547106372.872473,0.4264474175773276,0.4167617996335755,61.437019112278726,62.35448805331499,10.19538730921275,123,0.9998161409474838,PASS,32.65101047701899,-562.6992423515813,-79.98322587388085,-2.3167424524199953,-199.23050448385612
45,59,25,14,21,331,334,1.11003923566974e-05,9.79658135016551e-15,1133088366.2299056,0.4419520312645,0.4337171896555918,61.291566161862086,62.18375890731435,8.66825432516652,123,0.999870644481602,PASS,30.955679560899043,-215.8917204216344,-58.544124111228115,-2.074506219579253,-154.40976748084228
45,61,25,16,19,401,404,1.09717894958194e-05,5.57553341558518e-15,1967845706.9506876,0.4532969200502802,0.4464845971139307,61.133714256892134,61.98130410745944,7.170866248788985,123,0.9999069031433251,PASS,29.438501203722044,-79.78361838313708,-28.003172720733925,-1.8116208625127195,-110.46203151816027
45,63,25,18,17,471,474,1.08891215713649e-05,3.69905827805665e-15,2943755073.0035124,0.4608560405564319,0.455114184045511,60.90642233257236,61.62175866968988,6.044059485179901,122,0.999937281906394,PASS,28.463235296270017,-19.276494690207645,7.702054482673026,-1.4330906275148214,-77.3907075846507
45,65,25,20,15,541,544,1.07995592856598e-05,2.4959326314e-15,4326863293.422383,0.4680660289657749,0.4634640799232487,60.67558243230298,61.29898470866504,4.844156886869741,121,0.999959955749081,PASS,27.40663390681892,19.51840904417922,58.30531230024636,-1.0486516204653462,-42.174050391118016
45,67,25,22,13,611,614,1.07461574521882e-05,1.99987851703405e-15,5373405114.689391,0.4720498995434184,0.46809032274154455,60.53948943592959,61.07043517017248,4.167975580919858,121,0.9999699312537597,PASS,26.77663154587966,35.51372230788653,96.59474245229103,-0.8220033836088936,-22.32840184777105
