bitline TotalCurrent(ReverseIdVg_n180_des) X,bitline TotalCurrent(ReverseIdVg_n180_des) Y
1e-05,5.109972e-14
2.1189333e-05,5.1121836e-14
3.3709451e-05,5.1146594e-14
4.7718629e-05,5.117431e-14
6.3393964e-05,5.120534e-14
8.093362e-05,5.1240083e-14
0.00010055933,5.1278987e-14
0.00012251918,5.1322552e-14
0.0001470908,5.1371342e-14
0.00017458479,5.142599e-14
0.00020534875,5.1487207e-14
0.00023977156,5.1555791e-14
0.00027828839,5.1632639e-14
0.00032138615,5.1718764e-14
0.00036960968,5.1815302e-14
0.00042356859,5.1923535e-14
0.00048394501,5.2044908e-14
0.00055150221,5.2181053e-14
0.0006270942,5.2333812e-14
0.00071167661,5.2505269e-14
0.00080631868,5.2697783e-14
0.00091221685,5.291403e-14
0.0010307098,5.3157046e-14
0.0011632956,5.3430427e-14
0.0013116502,5.3737913e-14
0.0014776491,5.4084704e-14
0.0016633909,5.447631e-14
0.0018712235,5.4920731e-14
0.0021037744,5.5426893e-14
0.0023639833,5.6006559e-14
0.0026551397,5.6663227e-14
0.0029809243,5.741803e-14
0.0033454555,5.8292129e-14
0.0037533417,5.9059044e-14
0.0042093041,6.0109635e-14
0.0047190092,6.1306192e-14
0.0052887916,6.2672e-14
0.0059257323,6.423484e-14
0.0066377471,6.6028063e-14
0.0074336847,6.8091968e-14
0.0083234368,7.0475596e-14
0.0093180611,7.3239077e-14
0.010429918,7.6456742e-14
0.011672827,8.0221278e-14
0.013062232,8.4649349e-14
0.014615402,8.9889277e-14
0.01635164,9.6131513e-14
0.018292521,1.0362356e-13
0.020292521,1.1195534e-13
0.022292521,1.2095746e-13
0.024292521,1.3068336e-13
0.026292521,1.4119122e-13
0.028292521,1.525439e-13
0.030292521,1.6480932e-13
0.032292521,1.7806083e-13
0.034292521,1.9237771e-13
0.036292521,2.0784557e-13
0.038292521,2.2455692e-13
0.040292521,2.4261172e-13
0.042292521,2.6211792e-13
0.044292521,2.8319216e-13
0.046292521,3.0596046e-13
0.048292521,3.3055893e-13
0.050292521,3.5713463e-13
0.052292521,3.8584642e-13
0.054292521,4.1686593e-13
0.056292521,4.5037852e-13
0.058292521,4.8658448e-13
0.060292521,5.2570014e-13
0.062292521,5.679592e-13
0.064292521,6.136141e-13
0.066292521,6.6293752e-13
0.068292521,7.1622401e-13
0.070292521,7.7379175e-13
0.072292521,8.3598439e-13
0.074292521,9.0317314e-13
0.076292521,9.7575894e-13
0.078292521,1.0541748e-12
0.080292521,1.1388886e-12
0.082292521,1.2304053e-12
0.084292521,1.3292705e-12
0.086292521,1.4360736e-12
0.088292521,1.5514506e-12
0.090292521,1.676089e-12
0.092292521,1.8107306e-12
0.094292521,1.9561768e-12
0.096292521,2.1132929e-12
0.098292521,2.2830276e-12
0.10029252,2.4663613e-12
0.10229252,2.6643557e-12
0.10429252,2.8782898e-12
0.10629252,3.1092911e-12
0.10829252,3.3589534e-12
0.11029252,3.6284974e-12
0.11229252,3.9196629e-12
0.11429252,4.2341442e-12
0.11629252,4.573801e-12
0.11829252,4.9406423e-12
0.12029252,5.3368183e-12
0.12229252,5.7647592e-12
0.12429252,6.2268108e-12
0.12629252,6.7257793e-12
0.12829252,7.2646735e-12
0.13029252,7.8465569e-12
0.13229252,8.4748742e-12
0.13429252,9.1532727e-12
0.13629252,9.8858056e-12
0.13829252,1.0676701e-11
0.14029252,1.1530554e-11
0.14229252,1.2452352e-11
0.14429252,1.3447062e-11
0.14629252,1.4521597e-11
0.14829252,1.5681117e-11
0.15029252,1.6932603e-11
0.15229252,1.8283313e-11
0.15429252,1.9741026e-11
0.15629252,2.1314071e-11
0.15829252,2.3011602e-11
0.16029252,2.4843192e-11
0.16229252,2.6819337e-11
0.16429252,2.895129e-11
0.16629252,3.1251136e-11
0.16829252,3.3731912e-11
0.17029252,3.6407626e-11
0.17229252,3.9293318e-11
0.17429252,4.240521e-11
0.17629252,4.5760702e-11
0.17829252,4.9378517e-11
0.18029252,5.3278769e-11
0.18229252,5.7483071e-11
0.18429252,6.2014641e-11
0.18629252,6.6898415e-11
0.18829252,7.2161173e-11
0.19029252,7.7831662e-11
0.19229252,8.3940741e-11
0.19429252,9.0521522e-11
0.19629252,9.7609535e-11
0.19829252,1.0524289e-10
0.20029252,1.1346204e-10
0.20229252,1.2231163e-10
0.20429252,1.3183821e-10
0.20629252,1.4209213e-10
0.20829252,1.5312733e-10
0.21029252,1.6500158e-10
0.21229252,1.7777675e-10
0.21429252,1.9151909e-10
0.21629252,2.0630004e-10
0.21829252,2.221939e-10
0.22029252,2.39284e-10
0.22229252,2.5765556e-10
0.22429252,2.77402e-10
0.22629252,2.9862201e-10
0.22829252,3.214229e-10
0.23029252,3.459175e-10
0.23229252,3.7222697e-10
0.23429252,4.0048071e-10
0.23629252,4.3081758e-10
0.23829252,4.6338375e-10
0.24029252,4.9833661e-10
0.24229252,5.3584554e-10
0.24429252,5.7608902e-10
0.24629252,6.1925817e-10
0.24829252,6.655567e-10
0.25029252,7.152018e-10
0.25229252,7.6842489e-10
0.25429252,8.254725e-10
0.25629252,8.8660722e-10
0.25829252,9.5210867e-10
0.26029252,1.0222745e-09
0.26229252,1.0974214e-09
0.26429252,1.1778865e-09
0.26629252,1.2640282e-09
0.26829252,1.3562278e-09
0.27029252,1.4548904e-09
0.27229252,1.5604469e-09
0.27429252,1.6733548e-09
0.27629252,1.7941003e-09
0.27829252,1.9231996e-09
0.28029252,2.0612007e-09
0.28229252,2.2086852e-09
0.28429252,2.3662704e-09
0.28629252,2.5346108e-09
0.28829252,2.7144005e-09
0.29029252,2.9063754e-09
0.29229252,3.1113155e-09
0.29429252,3.3300468e-09
0.29629252,3.5634445e-09
0.29829252,3.8124352e-09
0.30029252,4.0779995e-09
0.30229252,4.3611752e-09
0.30429252,4.6630599e-09
0.30629252,4.9848144e-09
0.30829252,5.3276658e-09
0.31029252,5.6929107e-09
0.31229252,6.0819188e-09
0.31429252,6.4961366e-09
0.31629252,6.9370908e-09
0.31829252,7.4063928e-09
0.32029252,7.905742e-09
0.32229252,8.4369305e-09
0.32429252,9.0018473e-09
0.32629252,9.6024824e-09
0.32829252,1.0240932e-08
0.33029252,1.0919402e-08
0.33229252,1.1640215e-08
0.33429252,1.2405813e-08
0.33629252,1.3218763e-08
0.33829252,1.4081765e-08
0.34029252,1.4997652e-08
0.34229252,1.5969399e-08
0.34429252,1.700013e-08
0.34629252,1.8093118e-08
0.34829252,1.9251798e-08
0.35029252,2.0479765e-08
0.35229252,2.1780786e-08
0.35429252,2.3158801e-08
0.35629252,2.4617934e-08
0.35829252,2.6162492e-08
0.36029252,2.7796976e-08
0.36229252,2.9526085e-08
0.36429252,3.135472e-08
0.36629252,3.3287992e-08
0.36829252,3.5331224e-08
0.37029252,3.7489957e-08
0.37229252,3.9769956e-08
0.37429252,4.2177214e-08
0.37629252,4.4717953e-08
0.37829252,4.739863e-08
0.38029252,5.0225943e-08
0.38229252,5.3206826e-08
0.38429252,5.6348459e-08
0.38629252,5.9658264e-08
0.38829252,6.3143909e-08
0.39029252,6.6813306e-08
0.39229252,7.0674611e-08
0.39429252,7.4736226e-08
0.39629252,7.9006788e-08
0.39829252,8.3495177e-08
0.40029252,8.8210503e-08
0.40229252,9.3162102e-08
0.40429252,9.8359536e-08
0.40629252,1.0381258e-07
0.40829252,1.095312e-07
0.41029252,1.1552559e-07
0.41229252,1.2180609e-07
0.41429252,1.2838324e-07
0.41629252,1.3526772e-07
0.41829252,1.4247037e-07
0.42029252,1.5000215e-07
0.42229252,1.5787412e-07
0.42429252,1.6609746e-07
0.42629252,1.7468338e-07
0.42829252,1.8364318e-07
0.43029252,1.9298817e-07
0.43229252,2.0272966e-07
0.43429252,2.1287896e-07
0.43629252,2.2344731e-07
0.43829252,2.3444591e-07
0.44029252,2.4588585e-07
0.44229252,2.5777809e-07
0.44429252,2.7013343e-07
0.44629252,2.8296253e-07
0.44829252,2.9627579e-07
0.45029252,3.100834e-07
0.45229252,3.2439528e-07
0.45429252,3.3922106e-07
0.45629252,3.5457002e-07
0.45829252,3.704511e-07
0.46029252,3.8687287e-07
0.46229252,4.0384346e-07
0.46429252,4.2137059e-07
0.46629252,4.394615e-07
0.46829252,4.5812292e-07
0.47029252,4.773611e-07
0.47229252,4.9718172e-07
0.47429252,5.1758989e-07
0.47629252,5.3859016e-07
0.47829252,5.6018644e-07
0.48029252,5.8238202e-07
0.48229252,6.0517956e-07
0.48429252,6.2858102e-07
0.48629252,6.525877e-07
0.48829252,6.7720021e-07
0.49029252,7.0241844e-07
0.49229252,7.2824159e-07
0.49429252,7.5466811e-07
0.49629252,7.8169575e-07
0.49829252,8.0932152e-07
0.50029252,8.3754173e-07
0.50229252,8.6635195e-07
0.50429252,8.9574704e-07
0.50629252,9.2572114e-07
0.50829252,9.5626768e-07
0.51029252,9.8737937e-07
0.51229252,1.0190482e-06
0.51429252,1.0512653e-06
0.51629252,1.0840212e-06
0.51829252,1.1173053e-06
0.52029252,1.1511062e-06
0.52229252,1.1854115e-06
0.52429252,1.2202076e-06
0.52629252,1.2554794e-06
0.52829252,1.2912109e-06
0.53029252,1.3273841e-06
0.53229252,1.3639795e-06
0.53429252,1.4009756e-06
0.53629252,1.438349e-06
0.53829252,1.4760736e-06
0.54029252,1.5141205e-06
0.54229252,1.5524571e-06
0.54429252,1.5910467e-06
0.54629252,1.6298472e-06
0.54829252,1.6688101e-06
0.55029252,1.7078797e-06
0.55229252,1.7469918e-06
0.55429252,1.7860733e-06
0.55629252,1.8250417e-06
0.55829252,1.8638049e-06
0.56029252,1.9022627e-06
0.56229252,1.9403072e-06
0.56429252,1.9778257e-06
0.56629252,2.0147031e-06
0.56829252,2.0508253e-06
0.57029252,2.0860829e-06
0.57229252,2.1203751e-06
0.57429252,2.1536127e-06
0.57629252,2.1857213e-06
0.57829252,2.2166429e-06
0.58029252,2.2463371e-06
0.58229252,2.2747809e-06
0.58429252,2.3019676e-06
0.58629252,2.3279055e-06
0.58829252,2.3526159e-06
0.59029252,2.3761305e-06
0.59229252,2.3984891e-06
0.59429252,2.419738e-06
0.59629252,2.4399273e-06
0.59829252,2.4591098e-06
0.60029252,2.4773392e-06
0.60229252,2.4946691e-06
0.60429252,2.5111524e-06
0.60629252,2.5268402e-06
0.60829252,2.5417816e-06
0.61029252,2.5560237e-06
0.61229252,2.5696106e-06
0.61429252,2.5825843e-06
0.61629252,2.5949839e-06
0.61829252,2.6068461e-06
0.62029252,2.6182051e-06
0.62229252,2.6290929e-06
0.62429252,2.639539e-06
0.62629252,2.6495711e-06
0.62829252,2.6592146e-06
0.63029252,2.6684934e-06
0.63229252,2.6774294e-06
0.63429252,2.6860431e-06
0.63629252,2.6943536e-06
0.63829252,2.7023783e-06
0.64029252,2.7101338e-06
0.64229252,2.7176351e-06
0.64429252,2.7248965e-06
0.64629252,2.7319311e-06
0.64829252,2.7387512e-06
0.65029252,2.7453682e-06
0.65229252,2.7517927e-06
0.65429252,2.7580348e-06
0.65629252,2.7641036e-06
0.65829252,2.770008e-06
0.66029252,2.7757559e-06
0.66229252,2.781355e-06
0.66429252,2.7868125e-06
0.66629252,2.7921349e-06
0.66829252,2.7973286e-06
0.67029252,2.8023995e-06
0.67229252,2.8073531e-06
0.67429252,2.8121945e-06
0.67629252,2.8169288e-06
0.67829252,2.8215605e-06
0.68029252,2.8260939e-06
0.68229252,2.8305332e-06
0.68429252,2.8348822e-06
0.68629252,2.8391446e-06
0.68829252,2.8433239e-06
0.69029252,2.8474233e-06
0.69229252,2.851446e-06
0.69429252,2.8553948e-06
0.69629252,2.8592726e-06
0.69829252,2.8630819e-06
0.70029252,2.8668254e-06
0.70229252,2.8705053e-06
0.70429252,2.874124e-06
0.70629252,2.8776835e-06
0.70829252,2.881186e-06
0.71029252,2.8846333e-06
0.71229252,2.8880274e-06
0.71429252,2.8913699e-06
0.71629252,2.8946627e-06
0.71829252,2.8979072e-06
0.72029252,2.901105e-06
0.72229252,2.9042576e-06
0.72429252,2.9073664e-06
0.72629252,2.9104327e-06
0.72829252,2.9134578e-06
0.73029252,2.9164388e-06
0.73229252,2.9193851e-06
0.73429252,2.9222937e-06
0.73629252,2.9251657e-06
0.73829252,2.9280022e-06
0.74029252,2.930804e-06
0.74229252,2.9335722e-06
0.74429252,2.9363076e-06
0.74629252,2.9390112e-06
0.74829252,2.9416837e-06
0.75029252,2.9443261e-06
0.75229252,2.9469389e-06
0.75429252,2.9495231e-06
0.75629252,2.9520793e-06
0.75829252,2.9546082e-06
0.76029252,2.9571105e-06
0.76229252,2.9595868e-06
0.76429252,2.9620378e-06
0.76629252,2.9644639e-06
0.76829252,2.9668659e-06
0.77029252,2.9692443e-06
0.77229252,2.9715995e-06
0.77429252,2.9739321e-06
0.77629252,2.9762427e-06
0.77829252,2.9785316e-06
0.78029252,2.9807994e-06
0.78229252,2.9830466e-06
0.78429252,2.9852734e-06
0.78629252,2.9874804e-06
0.78829252,2.989668e-06
0.79029252,2.9918366e-06
0.79229252,2.9939865e-06
0.79429252,2.9961182e-06
0.79629252,2.9982319e-06
0.79829252,3.000328e-06
0.80029252,3.002407e-06
0.80229252,3.004469e-06
0.80429252,3.0065144e-06
0.80629252,3.0085435e-06
0.80829252,3.0105567e-06
0.81029252,3.0125541e-06
0.81229252,3.0145362e-06
0.81429252,3.0165031e-06
0.81629252,3.0184551e-06
0.81829252,3.0203926e-06
0.82029252,3.0223156e-06
0.82229252,3.0242246e-06
0.82429252,3.0261196e-06
0.82629252,3.028001e-06
0.82829252,3.029869e-06
0.83029252,3.0317238e-06
0.83229252,3.0335656e-06
0.83429252,3.0353947e-06
0.83629252,3.0372111e-06
0.83829252,3.0390152e-06
0.84029252,3.040807e-06
0.84229252,3.0425869e-06
0.84429252,3.044355e-06
0.84629252,3.0461114e-06
0.84829252,3.0478563e-06
0.85029252,3.04959e-06
0.85229252,3.0513125e-06
0.85429252,3.053024e-06
0.85629252,3.0547248e-06
0.85829252,3.0564148e-06
0.86029252,3.0580944e-06
0.86229252,3.0597636e-06
0.86429252,3.0614226e-06
0.86629252,3.0630715e-06
0.86829252,3.0647105e-06
0.87029252,3.0663397e-06
0.87229252,3.0679592e-06
0.87429252,3.0695691e-06
0.87629252,3.0711696e-06
0.87829252,3.0727609e-06
0.88029252,3.0743429e-06
0.88229252,3.0759159e-06
0.88429252,3.07748e-06
0.88629252,3.0790352e-06
0.88829252,3.0805817e-06
0.89029252,3.0821196e-06
0.89229252,3.083649e-06
0.89429252,3.08517e-06
0.89629252,3.0866827e-06
0.89829252,3.0881872e-06
0.90029252,3.0896836e-06
0.90229252,3.091172e-06
0.90429252,3.0926524e-06
0.90629252,3.0941251e-06
0.90829252,3.09559e-06
0.91029252,3.0970473e-06
0.91229252,3.098497e-06
0.91429252,3.0999392e-06
0.91629252,3.1013741e-06
0.91829252,3.1028017e-06
0.92029252,3.104222e-06
0.92229252,3.1056352e-06
0.92429252,3.1070413e-06
0.92629252,3.1084405e-06
0.92829252,3.1098327e-06
0.93029252,3.1112181e-06
0.93229252,3.1125967e-06
0.93429252,3.1139686e-06
0.93629252,3.1153339e-06
0.93829252,3.1166927e-06
0.94029252,3.1180449e-06
0.94229252,3.1193907e-06
0.94429252,3.1207302e-06
0.94629252,3.1220634e-06
0.94829252,3.1233903e-06
0.95029252,3.1247111e-06
0.95229252,3.1260257e-06
0.95429252,3.1273343e-06
0.95629252,3.1286369e-06
0.95829252,3.1299336e-06
0.96029252,3.1312244e-06
0.96229252,3.1325094e-06
0.96429252,3.1337887e-06
0.96629252,3.1350622e-06
0.96829252,3.13633e-06
0.97029252,3.1375923e-06
0.97229252,3.138849e-06
0.97429252,3.1401002e-06
0.97629252,3.141346e-06
0.97829252,3.1425864e-06
0.98029252,3.1438214e-06
0.98229252,3.1450511e-06
0.98429252,3.1462756e-06
0.98629252,3.1474948e-06
0.98829252,3.1487089e-06
0.99029252,3.1499179e-06
0.99229252,3.1511219e-06
0.99429252,3.1523207e-06
0.99629252,3.1535147e-06
0.99829252,3.1547036e-06
1,3.1557155e-06

