storage TotalCurrent(GIDL_n52_des) X,storage TotalCurrent(GIDL_n52_des) Y
-4e-06,1.2785056e-09
-8.3964444e-06,1.2782893e-09
-1.3228625e-05,1.2780515e-09
-1.8539729e-05,1.2777903e-09
-2.4377222e-05,1.2775033e-09
-3.0793276e-05,1.2771878e-09
-3.7845232e-05,1.2768412e-09
-4.5596115e-05,1.2764604e-09
-5.4115196e-05,1.2760419e-09
-6.3478613e-05,1.2755821e-09
-7.3770049e-05,1.275077e-09
-8.5081481e-05,1.274522e-09
-9.7514001e-05,1.2739123e-09
-0.00011117872,1.2732425e-09
-0.00012619777,1.2725067e-09
-0.00014270537,1.2716984e-09
-0.00016084906,1.2708107e-09
-0.00018079099,1.2698357e-09
-0.00020270938,1.2687649e-09
-0.00022680013,1.267589e-09
-0.00025327855,1.2662978e-09
-0.00028238127,1.2648802e-09
-0.00031436839,1.2633239e-09
-0.00034952579,1.2616155e-09
-0.00038816768,1.2597405e-09
-0.00043063941,1.2576829e-09
-0.00047732056,1.2554252e-09
-0.00052862833,1.2529484e-09
-0.00058502127,1.2502318e-09
-0.00064700337,1.2472526e-09
-0.0007151286,1.2439864e-09
-0.00079000579,1.2404063e-09
-0.00087230414,1.2364833e-09
-0.00096275917,1.2321856e-09
-0.0010621793,1.2274793e-09
-0.0011714531,1.2223272e-09
-0.0012915571,1.2166893e-09
-0.0014235647,1.2105226e-09
-0.0015686558,1.2037806e-09
-0.0017281271,1.1964137e-09
-0.0019034036,1.1883684e-09
-0.0020960521,1.1795881e-09
-0.0023077941,1.1700122e-09
-0.0025405222,1.1595767e-09
-0.0027963162,1.148214e-09
-0.0030772348,1.1358631e-09
-0.0033857459,1.1224519e-09
-0.0037245596,1.1079053e-09
-0.0040966524,1.0921466e-09
-0.0045052929,1.0750976e-09
-0.004954071,1.0566798e-09
-0.0054469291,1.0368156e-09
-0.0059881969,1.0154294e-09
-0.0065826291,9.9244955e-10
-0.0072354478,9.678101e-10
-0.0079523878,9.414534e-10
-0.0087397473,9.133326e-10
-0.0095397473,8.8561895e-10
-0.010339747,8.5874473e-10
-0.011139747,8.3268461e-10
-0.011939747,8.0741401e-10
-0.012739747,7.8290906e-10
-0.013539747,7.5914664e-10
-0.014339747,7.3610431e-10
-0.015139747,7.1376031e-10
-0.015939747,6.9209353e-10
-0.016739747,6.710835e-10
-0.017539747,6.5071037e-10
-0.018339747,6.3095486e-10
-0.019139747,6.1179832e-10
-0.019939747,5.9322261e-10
-0.020739747,5.7521017e-10
-0.021539747,5.5774395e-10
-0.022339747,5.4080743e-10
-0.023139747,5.2438458e-10
-0.023939747,5.0845985e-10
-0.024739747,4.9301816e-10
-0.025539747,4.780449e-10
-0.026339747,4.6352587e-10
-0.027139747,4.4944733e-10
-0.027939747,4.3579593e-10
-0.028739747,4.2255874e-10
-0.029539747,4.0972321e-10
-0.030339747,3.9727718e-10
-0.031139747,3.8520885e-10
-0.031939747,3.7350677e-10
-0.032739747,3.6215985e-10
-0.033539747,3.5115732e-10
-0.034339747,3.4048876e-10
-0.035139747,3.3014402e-10
-0.035939747,3.2011331e-10
-0.036739747,3.103871e-10
-0.037539747,3.0095617e-10
-0.038339747,2.9181155e-10
-0.039139747,2.8294457e-10
-0.039939747,2.7434681e-10
-0.040739747,2.6601011e-10
-0.041539747,2.5792655e-10
-0.042339747,2.5008845e-10
-0.043139747,2.4248837e-10
-0.043939747,2.3511909e-10
-0.044739747,2.2797361e-10
-0.045539747,2.2104514e-10
-0.046339747,2.143271e-10
-0.047139747,2.0781309e-10
-0.047939747,2.0149694e-10
-0.048739747,1.9537263e-10
-0.049539747,1.8943436e-10
-0.050339747,1.8367646e-10
-0.051139747,1.7809347e-10
-0.051939747,1.7268008e-10
-0.052739747,1.6743115e-10
-0.053539747,1.6234167e-10
-0.054339747,1.5740682e-10
-0.055139747,1.5262189e-10
-0.055939747,1.4798234e-10
-0.056739747,1.4348375e-10
-0.057539747,1.3912185e-10
-0.058339747,1.3489248e-10
-0.059139747,1.3079162e-10
-0.059939747,1.2681537e-10
-0.060739747,1.2295995e-10
-0.061539747,1.1922168e-10
-0.062339747,1.1559701e-10
-0.063139747,1.1208249e-10
-0.063939747,1.0867478e-10
-0.064739747,1.0537062e-10
-0.065539747,1.0216689e-10
-0.066339747,9.9060513e-11
-0.067139747,9.604855e-11
-0.067939747,9.3128129e-11
-0.068739747,9.0296468e-11
-0.069539747,8.7550873e-11
-0.070339747,8.4888729e-11
-0.071139747,8.23075e-11
-0.071939747,7.9804729e-11
-0.072739747,7.7378033e-11
-0.073539747,7.50251e-11
-0.074339747,7.2743689e-11
-0.075139747,7.0531628e-11
-0.075939747,6.838681e-11
-0.076739747,6.6307191e-11
-0.077539747,6.4290791e-11
-0.078339747,6.2335689e-11
-0.079139747,6.0440022e-11
-0.079939747,5.8601984e-11
-0.080739747,5.6819825e-11
-0.081539747,5.5091846e-11
-0.082339747,5.3416401e-11
-0.083139747,5.1791894e-11
-0.083939747,5.0216776e-11
-0.084739747,4.8689547e-11
-0.085539747,4.7208751e-11
-0.086339747,4.5772977e-11
-0.087139747,4.4380857e-11
-0.087939747,4.3031065e-11
-0.088739747,4.1722313e-11
-0.089539747,4.0453355e-11
-0.090339747,3.922298e-11
-0.091139747,3.8030017e-11
-0.091939747,3.6873328e-11
-0.092739747,3.5751811e-11
-0.093539747,3.4664396e-11
-0.094339747,3.3610047e-11
-0.095139747,3.2587759e-11
-0.095939747,3.1596557e-11
-0.096739747,3.0635496e-11
-0.097539747,2.9703661e-11
-0.098339747,2.8800162e-11
-0.099139747,2.7924138e-11
-0.099939747,2.7074754e-11
-0.10073975,2.6251201e-11
-0.10153975,2.5452692e-11
-0.10233975,2.4678467e-11
-0.10313975,2.3927787e-11
-0.10393975,2.3199936e-11
-0.10473975,2.2494221e-11
-0.10553975,2.1809968e-11
-0.10633975,2.1146525e-11
-0.10713975,2.050326e-11
-0.10793975,1.9879557e-11
-0.10873975,1.9274824e-11
-0.10953975,1.8688483e-11
-0.11033975,1.8119975e-11
-0.11113975,1.7568757e-11
-0.11193975,1.7034305e-11
-0.11273975,1.6516107e-11
-0.11353975,1.6013671e-11
-0.11433975,1.5526516e-11
-0.11513975,1.5054178e-11
-0.11593975,1.4596207e-11
-0.11673975,1.4152165e-11
-0.11753975,1.3721629e-11
-0.11833975,1.3304189e-11
-0.11913975,1.2899445e-11
-0.11993975,1.2507013e-11
-0.12073975,1.2126517e-11
-0.12153975,1.1757595e-11
-0.12233975,1.1399895e-11
-0.12313975,1.1053075e-11
-0.12393975,1.0716804e-11
-0.12473975,1.0390763e-11
-0.12553975,1.0074639e-11
-0.12633975,9.7681307e-12
-0.12713975,9.4709462e-12
-0.12793975,9.1828018e-12
-0.12873975,8.9034225e-12
-0.12953975,8.6325417e-12
-0.13033975,8.369901e-12
-0.13113975,8.1152498e-12
-0.13193975,7.8683451e-12
-0.13273975,7.6289512e-12
-0.13353975,7.3968397e-12
-0.13433975,7.1717892e-12
-0.13513975,6.9535849e-12
-0.13593975,6.7420185e-12
-0.13673975,6.5368882e-12
-0.13753975,6.3379983e-12
-0.13833975,6.1451588e-12
-0.13913975,5.9581858e-12
-0.13993975,5.7769009e-12
-0.14073975,5.601131e-12
-0.14153975,5.4307084e-12
-0.14233975,5.2654704e-12
-0.14313975,5.1052594e-12
-0.14393975,4.9499224e-12
-0.14473975,4.7993112e-12
-0.14553975,4.653282e-12
-0.14633975,4.5116955e-12
-0.14713975,4.3744164e-12
-0.14793975,4.2413139e-12
-0.14873975,4.1122609e-12
-0.14953975,3.9871341e-12
-0.15033975,3.8658141e-12
-0.15113975,3.7481852e-12
-0.15193975,3.634135e-12
-0.15273975,3.5235548e-12
-0.15353975,3.4163389e-12
-0.15433975,3.312385e-12
-0.15513975,3.2115938e-12
-0.15593975,3.1138692e-12
-0.15673975,3.0191179e-12
-0.15753975,2.9272494e-12
-0.15833975,2.8381761e-12
-0.15913975,2.7518128e-12
-0.15993975,2.6680772e-12
-0.16073975,2.5868893e-12
-0.16153975,2.5081716e-12
-0.16233975,2.431849e-12
-0.16313975,2.3578486e-12
-0.16393975,2.2860997e-12
-0.16473975,2.2165339e-12
-0.16553975,2.1490847e-12
-0.16633975,2.0836878e-12
-0.16713975,2.0202807e-12
-0.16793975,1.9588029e-12
-0.16873975,1.8991957e-12
-0.16953975,1.8414021e-12
-0.17033975,1.785367e-12
-0.17113975,1.731037e-12
-0.17193975,1.6783601e-12
-0.17273975,1.627286e-12
-0.17353975,1.5777659e-12
-0.17433975,1.5297527e-12
-0.17513975,1.4832004e-12
-0.17593975,1.4380646e-12
-0.17673975,1.3943022e-12
-0.17753975,1.3518714e-12
-0.17833975,1.3107317e-12
-0.17913975,1.2708439e-12
-0.17993975,1.2321697e-12
-0.18073975,1.1946724e-12
-0.18153975,1.1583161e-12
-0.18233975,1.123066e-12
-0.18313975,1.0888886e-12
-0.18393975,1.0557512e-12
-0.18473975,1.0236221e-12
-0.18553975,9.924707e-13
-0.18633975,9.6226721e-13
-0.18713975,9.3298279e-13
-0.18793975,9.0458949e-13
-0.18873975,8.7706019e-13
-0.18953975,8.5036861e-13
-0.19033975,8.2448925e-13
-0.19113975,7.9939739e-13
-0.19193975,7.7506909e-13
-0.19273975,7.514811e-13
-0.19353975,7.286109e-13
-0.19433975,7.0643665e-13
-0.19513975,6.8493717e-13
-0.19593975,6.6409194e-13
-0.19673975,6.4388104e-13
-0.19753975,6.2428517e-13
-0.19833975,6.0528562e-13
-0.19913975,5.8686424e-13
-0.19993975,5.6900344e-13
-0.20073975,5.5168617e-13
-0.20153975,5.3489588e-13
-0.20233975,5.1861654e-13
-0.20313975,5.028326e-13
-0.20393975,4.8752898e-13
-0.20473975,4.7269107e-13
-0.20553975,4.5830471e-13
-0.20633975,4.4435614e-13
-0.20713975,4.3083206e-13
-0.20793975,4.1771954e-13
-0.20873975,4.0500606e-13
-0.20953975,3.9267946e-13
-0.21033975,3.80728e-13
-0.21113975,3.6914023e-13
-0.21193975,3.5790511e-13
-0.21273975,3.4701189e-13
-0.21353975,3.3645017e-13
-0.21433975,3.2620987e-13
-0.21513975,3.1628121e-13
-0.21593975,3.0665469e-13
-0.21673975,2.9732113e-13
-0.21753975,2.8827162e-13
-0.21833975,2.7949751e-13
-0.21913975,2.7099041e-13
-0.21993975,2.6274221e-13
-0.22073975,2.5474502e-13
-0.22153975,2.469912e-13
-0.22233975,2.3947335e-13
-0.22313975,2.3218429e-13
-0.22393975,2.2511706e-13
-0.22473975,2.1826489e-13
-0.22553975,2.1162126e-13
-0.22633975,2.0517981e-13
-0.22713975,1.9893439e-13
-0.22793975,1.9287903e-13
-0.22873975,1.8700796e-13
-0.22953975,1.8131555e-13
-0.23033975,1.7579639e-13
-0.23113975,1.7044518e-13
-0.23193975,1.6525683e-13
-0.23273975,1.6022637e-13
-0.23353975,1.55349e-13
-0.23433975,1.5062006e-13
-0.23513975,1.4603504e-13
-0.23593975,1.4158956e-13
-0.23673975,1.3727936e-13
-0.23753975,1.3310033e-13
-0.23833975,1.2904848e-13
-0.23913975,1.2511993e-13
-0.23993975,1.2131095e-13
-0.24073975,1.1761788e-13
-0.24153975,1.1403719e-13
-0.24233975,1.1056547e-13
-0.24313975,1.0719941e-13
-0.24393975,1.0393579e-13
-0.24473975,1.0077148e-13
-0.24553975,9.7703474e-14
-0.24633975,9.4728833e-14
-0.24713975,9.184471e-14
-0.24793975,8.9048357e-14
-0.24873975,8.6337111e-14
-0.24953975,8.3708374e-14
-0.25033975,8.1159628e-14
-0.25113975,7.8688446e-14
-0.25193975,7.6292468e-14
-0.25273975,7.3969403e-14
-0.25353975,7.1717037e-14
-0.25433975,6.9533217e-14
-0.25513975,6.7415853e-14
-0.25593975,6.5362933e-14
-0.25673975,6.3372491e-14
-0.25753975,6.1442618e-14
-0.25833975,5.9571484e-14
-0.25913975,5.7757297e-14
-0.25993975,5.5998327e-14
-0.26073975,5.4292891e-14
-0.26153975,5.2639353e-14
-0.26233975,5.1036148e-14
-0.26313975,4.948174e-14
-0.26393975,4.7974642e-14
-0.26473975,4.6513416e-14
-0.26553975,4.5096678e-14
-0.26633975,4.3723067e-14
-0.26713975,4.2391267e-14
-0.26793975,4.1100015e-14
-0.26873975,3.984808e-14
-0.26953975,3.8634262e-14
-0.27033975,3.7457398e-14
-0.27113975,3.631637e-14
-0.27193975,3.5210099e-14
-0.27273975,3.4137523e-14
-0.27353975,3.3097619e-14
-0.27433975,3.2089387e-14
-0.27513975,3.111188e-14
-0.27593975,3.0164164e-14
-0.27673975,2.9245335e-14
-0.27753975,2.8354511e-14
-0.27833975,2.7490851e-14
-0.27913975,2.665353e-14
-0.27993975,2.5841747e-14
-0.28073975,2.5054734e-14
-0.28153975,2.4291743e-14
-0.28233975,2.3552045e-14
-0.28313975,2.2834938e-14
-0.28393975,2.2139739e-14
-0.28473975,2.1465789e-14
-0.28553975,2.0812447e-14
-0.28633975,2.0179095e-14
-0.28713975,1.9565128e-14
-0.28793975,1.8969966e-14
-0.28873975,1.8393044e-14
-0.28953975,1.7833815e-14
-0.29033975,1.7291752e-14
-0.29113975,1.6766339e-14
-0.29193975,1.6257079e-14
-0.29273975,1.5763486e-14
-0.29353975,1.5285102e-14
-0.29433975,1.4821473e-14
-0.29513975,1.4372178e-14
-0.29593975,1.3936745e-14
-0.29673975,1.351479e-14
-0.29753975,1.3105916e-14
-0.29833975,1.2709739e-14
-0.29913975,1.2325885e-14
-0.29993975,1.1953974e-14
-0.30073975,1.1593669e-14
-0.30153975,1.1244639e-14
-0.30233975,1.0906567e-14
-0.30313975,1.0579086e-14
-0.30393975,1.0261969e-14
-0.30473975,9.9548641e-15
-0.30553975,9.6574027e-15
-0.30633975,9.3693858e-15
-0.30713975,9.0905471e-15
-0.30793975,8.8206025e-15
-0.30873975,8.5592772e-15
-0.30953975,8.3064005e-15
-0.31033975,8.0617275e-15
-0.31113975,7.8248539e-15
-0.31193975,7.5958218e-15
-0.31273975,7.3741697e-15
-0.31353975,7.1597107e-15
-0.31433975,6.9523108e-15
-0.31513975,6.7517819e-15
-0.31593975,6.557898e-15
-0.31673975,6.3705682e-15
-0.31753975,6.1894629e-15
-0.31833975,6.0144281e-15
-0.31913975,5.8454135e-15
-0.31993975,5.682042e-15
-0.32073975,5.5242946e-15
-0.32153975,5.3719259e-15
-0.32233975,5.2249509e-15
-0.32313975,5.0832901e-15
-0.32393975,4.9462856e-15
-0.32473975,4.8141573e-15
-0.32553975,4.6867304e-15
-0.32633975,4.5638034e-15
-0.32713975,4.4453559e-15
-0.32793975,4.3312909e-15
-0.32813975,4.3034e-15
-0.32835939,4.2730836e-15
-0.32860061,4.2401413e-15
-0.32886531,4.2044061e-15
-0.32915577,4.1656874e-15
-0.3294745,4.1238393e-15
-0.32982426,4.0786326e-15
-0.33020805,4.0298912e-15
-0.33062921,3.9775385e-15
-0.33109136,3.9211714e-15
-0.33159849,3.8607518e-15
-0.33215498,3.7960987e-15
-0.33276563,3.7270832e-15
-0.33293316,3.7085124e-15
-0.33311713,3.6883045e-15
-0.33331918,3.6663383e-15
-0.3335409,3.6424858e-15
-0.33378419,3.6166543e-15
-0.33405117,3.5885823e-15
-0.33434413,3.5582078e-15
-0.3346656,3.5253657e-15
-0.33501837,3.4899587e-15
-0.33540547,3.4518557e-15
-0.33583025,3.4108582e-15
-0.33629637,3.3668643e-15
-0.33680787,3.3197956e-15
-0.33736915,3.2695383e-15
-0.337523,3.2560227e-15
-0.33769197,3.2414118e-15
-0.33787753,3.2254412e-15
-0.33808131,3.2080975e-15
-0.33830512,3.1891914e-15
-0.33855071,3.1686702e-15
-0.33882041,3.1464387e-15
-0.33911662,3.1224309e-15
-0.33944191,3.0964859e-15
-0.33979915,3.0684513e-15
-0.34019149,3.0383818e-15
-0.34062236,3.0060203e-15
-0.3410944,2.9714526e-15
-0.34161071,2.9345625e-15
-0.34214423,2.8974515e-15
-0.34269364,2.8605401e-15
-0.34325892,2.8238099e-15
-0.34383952,2.7870773e-15
-0.34442013,2.7517561e-15
-0.34501802,2.7164625e-15
-0.34561592,2.6823044e-15
-0.34621381,2.6493687e-15
-0.34636933,2.6410153e-15
-0.34654012,2.6319548e-15
-0.34672769,2.6220413e-15
-0.34693369,2.6113162e-15
-0.34715991,2.5996746e-15
-0.34740836,2.5870451e-15
-0.34768121,2.5733999e-15
-0.34798086,2.5586742e-15
-0.34830994,2.5428746e-15
-0.34867135,2.5258004e-15
-0.34906825,2.5075172e-15
-0.34950237,2.4879745e-15
-0.34997605,2.4673346e-15
-0.3504912,2.4456908e-15
-0.351051,2.4229528e-15
-0.35165185,2.3995633e-15
-0.35228394,2.376144e-15
-0.35293992,2.3525426e-15
-0.35361775,2.329516e-15
-0.3542977,2.3071952e-15
-0.35497856,2.2859115e-15
-0.35567061,2.2655205e-15
-0.35637465,2.245815e-15
-0.35709215,2.2268578e-15
-0.35780965,2.2087785e-15
-0.35852747,2.1918226e-15
-0.3592622,2.1756155e-15
-0.36000444,2.1604159e-15
-0.36076218,2.1458887e-15
-0.36152632,2.1322062e-15
-0.36172559,2.1288049e-15
-0.36194426,2.1251404e-15
-0.36218421,2.1212863e-15
-0.36244752,2.1170432e-15
-0.36273645,2.1124807e-15
-0.36305351,2.1076692e-15
-0.36340143,2.1027149e-15
-0.36378321,2.0973514e-15
-0.36420181,2.0917566e-15
-0.36466078,2.0860066e-15
-0.36516402,2.0801362e-15
-0.3657158,2.0741719e-15
-0.36631735,2.0679957e-15
-0.36697104,2.0620554e-15
-0.36768139,2.0562693e-15
-0.36845456,2.0506533e-15
-0.36925456,2.0455334e-15
-0.37005456,2.0414823e-15
-0.37085456,2.038218e-15
-0.37165456,2.0359379e-15
-0.37245456,2.033972e-15
-0.37325456,2.0330635e-15
-0.37405456,2.0326131e-15
-0.37485456,2.0329445e-15
-0.37565456,2.0337791e-15
-0.37645456,2.0353361e-15
-0.37725456,2.0376536e-15
-0.37805456,2.0406644e-15
-0.37885456,2.0442905e-15
-0.37965456,2.0484891e-15
-0.38045456,2.0534306e-15
-0.38125456,2.0590881e-15
-0.38205456,2.064861e-15
-0.38285456,2.0711463e-15
-0.38365456,2.0779656e-15
-0.38445456,2.0857584e-15
-0.38525456,2.0936127e-15
-0.38605456,2.1019877e-15
-0.38685456,2.1110678e-15
-0.38765456,2.1204321e-15
-0.38845456,2.130101e-15
-0.38925456,2.1404229e-15
-0.39005456,2.1510345e-15
-0.39085456,2.1621142e-15
-0.39165456,2.1737595e-15
-0.39245456,2.1862096e-15
-0.39325456,2.1988789e-15
-0.39405456,2.2115942e-15
-0.39485456,2.2249075e-15
-0.39565456,2.2384885e-15
-0.39645456,2.2527613e-15
-0.39725456,2.2671172e-15
-0.39805456,2.2820035e-15
-0.39885456,2.2971575e-15
-0.39965456,2.3127024e-15
-0.4,2.319464e-15

