Mesh,MeshScale,Vd_V,Node,Stage,Vg_V,Storage_TotalCurrent_signed_A,AbsId_A
Coarse,2.0,0.05,n51,1,0.00035,4.4681254e-16,4.4681254e-16
Coarse,2.0,0.05,n51,1,0.00076948148,4.5408241e-16,4.5408241e-16
Coarse,2.0,0.05,n51,1,0.0012722378,4.6294897e-16,4.6294897e-16
Coarse,2.0,0.05,n51,1,0.0018748006,4.7379895e-16,4.7379895e-16
Coarse,2.0,0.05,n51,1,0.0025969832,4.8712797e-16,4.8712797e-16
Coarse,2.0,0.05,n51,1,0.0034625325,5.036828e-16,5.036828e-16
Coarse,2.0,0.05,n51,1,0.004498627,5.2417487e-16,5.2417487e-16
Coarse,2.0,0.05,n51,1,0.0057388705,5.4980361e-16,5.4980361e-16
Coarse,2.0,0.05,n51,1,0.0072234879,5.821348e-16,5.821348e-16
Coarse,2.0,0.05,n51,1,0.0090006299,6.233455e-16,6.233455e-16
Coarse,2.0,0.05,n51,1,0.011127935,6.7652925e-16,6.7652925e-16
Coarse,2.0,0.05,n51,1,0.013674397,7.4619044e-16,7.4619044e-16
Coarse,2.0,0.05,n51,1,0.016722608,8.3906946e-16,8.3906946e-16
Coarse,2.0,0.05,n51,1,0.020371428,9.6556632e-16,9.6556632e-16
Coarse,2.0,0.05,n51,1,0.024739201,1.1422879e-15,1.1422879e-15
Coarse,2.0,0.05,n51,1,0.029967588,1.3967858e-15,1.3967858e-15
Coarse,2.0,0.05,n51,1,0.03622616,1.776722e-15,1.776722e-15
Coarse,2.0,0.05,n51,1,0.04322616,2.3249748e-15,2.3249748e-15
Coarse,2.0,0.05,n51,1,0.05022616,3.0437147e-15,3.0437147e-15
Coarse,2.0,0.05,n51,1,0.05722616,3.9845691e-15,3.9845691e-15
Coarse,2.0,0.05,n51,1,0.06422616,5.2161535e-15,5.2161535e-15
Coarse,2.0,0.05,n51,1,0.07122616,6.8282718e-15,6.8282718e-15
Coarse,2.0,0.05,n51,1,0.07822616,8.9384562e-15,8.9384562e-15
Coarse,2.0,0.05,n51,1,0.08522616,1.1700525e-14,1.1700525e-14
Coarse,2.0,0.05,n51,1,0.09222616,1.5315779e-14,1.5315779e-14
Coarse,2.0,0.05,n51,1,0.09922616,2.0047654e-14,2.0047654e-14
Coarse,2.0,0.05,n51,1,0.10622616,2.6240892e-14,2.6240892e-14
Coarse,2.0,0.05,n51,1,0.11322616,3.4346702e-14,3.4346702e-14
Coarse,2.0,0.05,n51,1,0.12022616,4.4955117e-14,4.4955117e-14
Coarse,2.0,0.05,n51,1,0.12722616,5.8838858e-14,5.8838858e-14
Coarse,2.0,0.05,n51,1,0.13422616,7.7008529e-14,7.7008529e-14
Coarse,2.0,0.05,n51,1,0.14122616,1.0078656e-13,1.0078656e-13
Coarse,2.0,0.05,n51,1,0.14822616,1.3190319e-13,1.3190319e-13
Coarse,2.0,0.05,n51,1,0.15522616,1.7262214e-13,1.7262214e-13
Coarse,2.0,0.05,n51,1,0.16222616,2.2596225e-13,2.2596225e-13
Coarse,2.0,0.05,n51,1,0.16922616,2.956957e-13,2.956957e-13
Coarse,2.0,0.05,n51,1,0.17622616,3.8693827e-13,3.8693827e-13
Coarse,2.0,0.05,n51,1,0.18322616,5.0632041e-13,5.0632041e-13
Coarse,2.0,0.05,n51,1,0.19022616,6.6251503e-13,6.6251503e-13
Coarse,2.0,0.05,n51,1,0.19722616,8.668661e-13,8.668661e-13
Coarse,2.0,0.05,n51,1,0.20422616,1.1342105e-12,1.1342105e-12
Coarse,2.0,0.05,n51,1,0.21122616,1.4839527e-12,1.4839527e-12
Coarse,2.0,0.05,n51,1,0.21822616,1.941469e-12,1.941469e-12
Coarse,2.0,0.05,n51,1,0.22522616,2.539944e-12,2.539944e-12
Coarse,2.0,0.05,n51,1,0.23222616,3.3227697e-12,3.3227697e-12
Coarse,2.0,0.05,n51,1,0.23922616,4.3466822e-12,4.3466822e-12
Coarse,2.0,0.05,n51,1,0.24622616,5.6858593e-12,5.6858593e-12
Coarse,2.0,0.05,n51,1,0.25322616,7.4372751e-12,7.4372751e-12
Coarse,2.0,0.05,n51,1,0.26022616,9.7276948e-12,9.7276948e-12
Coarse,2.0,0.05,n51,1,0.26722616,1.2722812e-11,1.2722812e-11
Coarse,2.0,0.05,n51,1,0.27422616,1.6639182e-11,1.6639182e-11
Coarse,2.0,0.05,n51,1,0.28122616,2.1759804e-11,2.1759804e-11
Coarse,2.0,0.05,n51,1,0.28822616,2.8454464e-11,2.8454464e-11
Coarse,2.0,0.05,n51,1,0.29522616,3.7206289e-11,3.7206289e-11
Coarse,2.0,0.05,n51,1,0.30222616,4.8646398e-11,4.8646398e-11
Coarse,2.0,0.05,n51,1,0.30922616,6.3599104e-11,6.3599104e-11
Coarse,2.0,0.05,n51,1,0.31622616,8.3140865e-11,8.3140865e-11
Coarse,2.0,0.05,n51,1,0.32322616,1.0867714e-10,1.0867714e-10
Coarse,2.0,0.05,n51,1,0.33022616,1.4204255e-10,1.4204255e-10
Coarse,2.0,0.05,n51,1,0.33722616,1.8563127e-10,1.8563127e-10
Coarse,2.0,0.05,n51,1,0.34422616,2.4256684e-10,2.4256684e-10
Coarse,2.0,0.05,n51,1,0.35,3.0242492e-10,3.0242492e-10
Coarse,2.0,0.05,n51,2,0.350015,3.0259822e-10,3.0259822e-10
Coarse,2.0,0.05,n51,2,0.35003149,3.0278886e-10,3.0278886e-10
Coarse,2.0,0.05,n51,2,0.35004962,3.029986e-10,3.029986e-10
Coarse,2.0,0.05,n51,2,0.35006956,3.0322937e-10,3.0322937e-10
Coarse,2.0,0.05,n51,2,0.35009148,3.0348329e-10,3.0348329e-10
Coarse,2.0,0.05,n51,2,0.35011557,3.037627e-10,3.037627e-10
Coarse,2.0,0.05,n51,2,0.35014206,3.040702e-10,3.040702e-10
Coarse,2.0,0.05,n51,2,0.35017119,3.0440863e-10,3.0440863e-10
Coarse,2.0,0.05,n51,2,0.35020322,3.0478115e-10,3.0478115e-10
Coarse,2.0,0.05,n51,2,0.35023843,3.0519125e-10,3.0519125e-10
Coarse,2.0,0.05,n51,2,0.35027714,3.0564276e-10,3.0564276e-10
Coarse,2.0,0.05,n51,2,0.3503197,3.0613994e-10,3.0613994e-10
Coarse,2.0,0.05,n51,2,0.35036649,3.0668749e-10,3.0668749e-10
Coarse,2.0,0.05,n51,2,0.35041793,3.0729062e-10,3.0729062e-10
Coarse,2.0,0.05,n51,2,0.35047449,3.079551e-10,3.079551e-10
Coarse,2.0,0.05,n51,2,0.35053668,3.0868731e-10,3.0868731e-10
Coarse,2.0,0.05,n51,2,0.35060505,3.0949434e-10,3.0949434e-10
Coarse,2.0,0.05,n51,2,0.35068022,3.1038405e-10,3.1038405e-10
Coarse,2.0,0.05,n51,2,0.35076286,3.1136519e-10,3.1136519e-10
Coarse,2.0,0.05,n51,2,0.35085372,3.1244746e-10,3.1244746e-10
Coarse,2.0,0.05,n51,2,0.35095362,3.136417e-10,3.136417e-10
Coarse,2.0,0.05,n51,2,0.35106345,3.1495996e-10,3.1495996e-10
Coarse,2.0,0.05,n51,2,0.35118421,3.1641569e-10,3.1641569e-10
Coarse,2.0,0.05,n51,2,0.35131697,3.1802393e-10,3.1802393e-10
Coarse,2.0,0.05,n51,2,0.35146294,3.1980152e-10,3.1980152e-10
Coarse,2.0,0.05,n51,2,0.35162342,3.2176733e-10,3.2176733e-10
Coarse,2.0,0.05,n51,2,0.35179986,3.2394255e-10,3.2394255e-10
Coarse,2.0,0.05,n51,2,0.35199384,3.2635101e-10,3.2635101e-10
Coarse,2.0,0.05,n51,2,0.35220712,3.2901961e-10,3.2901961e-10
Coarse,2.0,0.05,n51,2,0.35244161,3.3197873e-10,3.3197873e-10
Coarse,2.0,0.05,n51,2,0.35269941,3.3526277e-10,3.3526277e-10
Coarse,2.0,0.05,n51,2,0.35298285,3.3891081e-10,3.3891081e-10
Coarse,2.0,0.05,n51,2,0.35329448,3.4296735e-10,3.4296735e-10
Coarse,2.0,0.05,n51,2,0.3536371,3.4748322e-10,3.4748322e-10
Coarse,2.0,0.05,n51,2,0.35401379,3.525168e-10,3.525168e-10
Coarse,2.0,0.05,n51,2,0.35442773,3.5813199e-10,3.5813199e-10
Coarse,2.0,0.05,n51,2,0.3548826,3.6440542e-10,3.6440542e-10
Coarse,2.0,0.05,n51,2,0.35538246,3.7142575e-10,3.7142575e-10
Coarse,2.0,0.05,n51,2,0.35593174,3.7929602e-10,3.7929602e-10
Coarse,2.0,0.05,n51,2,0.35653534,3.8813658e-10,3.8813658e-10
Coarse,2.0,0.05,n51,2,0.35719864,3.9808863e-10,3.9808863e-10
Coarse,2.0,0.05,n51,2,0.35792752,4.0931866e-10,4.0931866e-10
Coarse,2.0,0.05,n51,2,0.35867752,4.2120399e-10,4.2120399e-10
Coarse,2.0,0.05,n51,2,0.35942752,4.3343359e-10,4.3343359e-10
Coarse,2.0,0.05,n51,2,0.36017752,4.4601741e-10,4.4601741e-10
Coarse,2.0,0.05,n51,2,0.36092752,4.5896566e-10,4.5896566e-10
Coarse,2.0,0.05,n51,2,0.36167752,4.7228887e-10,4.7228887e-10
Coarse,2.0,0.05,n51,2,0.36242752,4.8599784e-10,4.8599784e-10
Coarse,2.0,0.05,n51,2,0.36317752,5.0010371e-10,5.0010371e-10
Coarse,2.0,0.05,n51,2,0.36392752,5.1461792e-10,5.1461792e-10
Coarse,2.0,0.05,n51,2,0.36467752,5.2955225e-10,5.2955225e-10
Coarse,2.0,0.05,n51,2,0.36542752,5.4491881e-10,5.4491881e-10
Coarse,2.0,0.05,n51,2,0.36617752,5.6073005e-10,5.6073005e-10
Coarse,2.0,0.05,n51,2,0.36692752,5.7699881e-10,5.7699881e-10
Coarse,2.0,0.05,n51,2,0.36767752,5.9373825e-10,5.9373825e-10
Coarse,2.0,0.05,n51,2,0.36842752,6.1096194e-10,6.1096194e-10
Coarse,2.0,0.05,n51,2,0.36917752,6.2868382e-10,6.2868382e-10
Coarse,2.0,0.05,n51,2,0.36992752,6.4691826e-10,6.4691826e-10
Coarse,2.0,0.05,n51,2,0.37067752,6.6567999e-10,6.6567999e-10
Coarse,2.0,0.05,n51,2,0.37142752,6.8498421e-10,6.8498421e-10
Coarse,2.0,0.05,n51,2,0.37217752,7.0484652e-10,7.0484652e-10
Coarse,2.0,0.05,n51,2,0.37292752,7.2528299e-10,7.2528299e-10
Coarse,2.0,0.05,n51,2,0.37367752,7.4631014e-10,7.4631014e-10
Coarse,2.0,0.05,n51,2,0.37442752,7.6794494e-10,7.6794494e-10
Coarse,2.0,0.05,n51,2,0.37517752,7.9020489e-10,7.9020489e-10
Coarse,2.0,0.05,n51,2,0.37592752,8.1310795e-10,8.1310795e-10
Coarse,2.0,0.05,n51,2,0.37667752,8.3667261e-10,8.3667261e-10
Coarse,2.0,0.05,n51,2,0.37742752,8.6091788e-10,8.6091788e-10
Coarse,2.0,0.05,n51,2,0.37817752,8.8586332e-10,8.8586332e-10
Coarse,2.0,0.05,n51,2,0.37892752,9.1152903e-10,9.1152903e-10
Coarse,2.0,0.05,n51,2,0.37967752,9.379357e-10,9.379357e-10
Coarse,2.0,0.05,n51,2,0.38042752,9.6510461e-10,9.6510461e-10
Coarse,2.0,0.05,n51,2,0.38117752,9.9305763e-10,9.9305763e-10
Coarse,2.0,0.05,n51,2,0.38192752,1.0218173e-09,1.0218173e-09
Coarse,2.0,0.05,n51,2,0.38267752,1.0514067e-09,1.0514067e-09
Coarse,2.0,0.05,n51,2,0.38342752,1.0818496e-09,1.0818496e-09
Coarse,2.0,0.05,n51,2,0.38417752,1.1131706e-09,1.1131706e-09
Coarse,2.0,0.05,n51,2,0.38492752,1.1453947e-09,1.1453947e-09
Coarse,2.0,0.05,n51,2,0.38567752,1.1785479e-09,1.1785479e-09
Coarse,2.0,0.05,n51,2,0.38642752,1.2126568e-09,1.2126568e-09
Coarse,2.0,0.05,n51,2,0.38717752,1.2477488e-09,1.2477488e-09
Coarse,2.0,0.05,n51,2,0.38792752,1.283852e-09,1.283852e-09
Coarse,2.0,0.05,n51,2,0.38867752,1.3209953e-09,1.3209953e-09
Coarse,2.0,0.05,n51,2,0.38942752,1.3592085e-09,1.3592085e-09
Coarse,2.0,0.05,n51,2,0.39017752,1.3985222e-09,1.3985222e-09
Coarse,2.0,0.05,n51,2,0.39092752,1.4389679e-09,1.4389679e-09
Coarse,2.0,0.05,n51,2,0.39167752,1.4805779e-09,1.4805779e-09
Coarse,2.0,0.05,n51,2,0.39242752,1.5233855e-09,1.5233855e-09
Coarse,2.0,0.05,n51,2,0.39317752,1.5674249e-09,1.5674249e-09
Coarse,2.0,0.05,n51,2,0.39392752,1.6127313e-09,1.6127313e-09
Coarse,2.0,0.05,n51,2,0.39467752,1.6593408e-09,1.6593408e-09
Coarse,2.0,0.05,n51,2,0.39542752,1.7072906e-09,1.7072906e-09
Coarse,2.0,0.05,n51,2,0.39617752,1.756619e-09,1.756619e-09
Coarse,2.0,0.05,n51,2,0.39692752,1.8073652e-09,1.8073652e-09
Coarse,2.0,0.05,n51,2,0.39767752,1.8595696e-09,1.8595696e-09
Coarse,2.0,0.05,n51,2,0.39842752,1.9132738e-09,1.9132738e-09
Coarse,2.0,0.05,n51,2,0.39917752,1.9685206e-09,1.9685206e-09
Coarse,2.0,0.05,n51,2,0.39992752,2.0253537e-09,2.0253537e-09
Coarse,2.0,0.05,n51,2,0.40067752,2.0838183e-09,2.0838183e-09
Coarse,2.0,0.05,n51,2,0.40142752,2.1439609e-09,2.1439609e-09
Coarse,2.0,0.05,n51,2,0.40217752,2.2058291e-09,2.2058291e-09
Coarse,2.0,0.05,n51,2,0.40292752,2.2694719e-09,2.2694719e-09
Coarse,2.0,0.05,n51,2,0.40367752,2.3349398e-09,2.3349398e-09
Coarse,2.0,0.05,n51,2,0.40442752,2.4022844e-09,2.4022844e-09
Coarse,2.0,0.05,n51,2,0.40517752,2.4715592e-09,2.4715592e-09
Coarse,2.0,0.05,n51,2,0.40592752,2.5428187e-09,2.5428187e-09
Coarse,2.0,0.05,n51,2,0.40667752,2.6161193e-09,2.6161193e-09
Coarse,2.0,0.05,n51,2,0.40742752,2.6915188e-09,2.6915188e-09
Coarse,2.0,0.05,n51,2,0.40817752,2.7690765e-09,2.7690765e-09
Coarse,2.0,0.05,n51,2,0.40892752,2.8488535e-09,2.8488535e-09
Coarse,2.0,0.05,n51,2,0.40967752,2.9309127e-09,2.9309127e-09
Coarse,2.0,0.05,n51,2,0.41042752,3.0153184e-09,3.0153184e-09
Coarse,2.0,0.05,n51,2,0.41117752,3.1021369e-09,3.1021369e-09
Coarse,2.0,0.05,n51,2,0.41192752,3.1914365e-09,3.1914365e-09
Coarse,2.0,0.05,n51,2,0.41267752,3.2832869e-09,3.2832869e-09
Coarse,2.0,0.05,n51,2,0.41342752,3.3777602e-09,3.3777602e-09
Coarse,2.0,0.05,n51,2,0.41417752,3.4749302e-09,3.4749302e-09
Coarse,2.0,0.05,n51,2,0.41492752,3.5748729e-09,3.5748729e-09
Coarse,2.0,0.05,n51,2,0.41567752,3.6776662e-09,3.6776662e-09
Coarse,2.0,0.05,n51,2,0.41642752,3.7833903e-09,3.7833903e-09
Coarse,2.0,0.05,n51,2,0.41717752,3.8921275e-09,3.8921275e-09
Coarse,2.0,0.05,n51,2,0.41792752,4.0039625e-09,4.0039625e-09
Coarse,2.0,0.05,n51,2,0.41867752,4.118982e-09,4.118982e-09
Coarse,2.0,0.05,n51,2,0.41942752,4.2372754e-09,4.2372754e-09
Coarse,2.0,0.05,n51,2,0.42017752,4.3589343e-09,4.3589343e-09
Coarse,2.0,0.05,n51,2,0.42092752,4.484053e-09,4.484053e-09
Coarse,2.0,0.05,n51,2,0.42167752,4.6127281e-09,4.6127281e-09
Coarse,2.0,0.05,n51,2,0.42242752,4.745059e-09,4.745059e-09
Coarse,2.0,0.05,n51,2,0.42317752,4.8811478e-09,4.8811478e-09
Coarse,2.0,0.05,n51,2,0.42392752,5.0210992e-09,5.0210992e-09
Coarse,2.0,0.05,n51,2,0.42467752,5.165021e-09,5.165021e-09
Coarse,2.0,0.05,n51,2,0.42542752,5.3130234e-09,5.3130234e-09
Coarse,2.0,0.05,n51,2,0.42617752,5.4652202e-09,5.4652202e-09
Coarse,2.0,0.05,n51,2,0.42692752,5.6217278e-09,5.6217278e-09
Coarse,2.0,0.05,n51,2,0.42767752,5.7826658e-09,5.7826658e-09
Coarse,2.0,0.05,n51,2,0.42842752,5.9481571e-09,5.9481571e-09
Coarse,2.0,0.05,n51,2,0.42917752,6.1183278e-09,6.1183278e-09
Coarse,2.0,0.05,n51,2,0.42992752,6.2933073e-09,6.2933073e-09
Coarse,2.0,0.05,n51,2,0.43067752,6.4732285e-09,6.4732285e-09
Coarse,2.0,0.05,n51,2,0.43142752,6.658228e-09,6.658228e-09
Coarse,2.0,0.05,n51,2,0.43217752,6.8484455e-09,6.8484455e-09
Coarse,2.0,0.05,n51,2,0.43292752,7.044025e-09,7.044025e-09
Coarse,2.0,0.05,n51,2,0.43367752,7.2451138e-09,7.2451138e-09
Coarse,2.0,0.05,n51,2,0.43442752,7.4518634e-09,7.4518634e-09
Coarse,2.0,0.05,n51,2,0.43517752,7.664429e-09,7.664429e-09
Coarse,2.0,0.05,n51,2,0.43592752,7.8829699e-09,7.8829699e-09
Coarse,2.0,0.05,n51,2,0.43667752,8.1076498e-09,8.1076498e-09
Coarse,2.0,0.05,n51,2,0.43742752,8.3386364e-09,8.3386364e-09
Coarse,2.0,0.05,n51,2,0.43817752,8.5761016e-09,8.5761016e-09
Coarse,2.0,0.05,n51,2,0.43892752,8.8202222e-09,8.8202222e-09
Coarse,2.0,0.05,n51,2,0.43967752,9.0711792e-09,9.0711792e-09
Coarse,2.0,0.05,n51,2,0.44042752,9.3291582e-09,9.3291582e-09
Coarse,2.0,0.05,n51,2,0.44117752,9.5943498e-09,9.5943498e-09
Coarse,2.0,0.05,n51,2,0.44192752,9.8669493e-09,9.8669493e-09
Coarse,2.0,0.05,n51,2,0.44267752,1.0147157e-08,1.0147157e-08
Coarse,2.0,0.05,n51,2,0.44342752,1.0435178e-08,1.0435178e-08
Coarse,2.0,0.05,n51,2,0.44417752,1.0731223e-08,1.0731223e-08
Coarse,2.0,0.05,n51,2,0.44492752,1.1035509e-08,1.1035509e-08
Coarse,2.0,0.05,n51,2,0.44567752,1.1348255e-08,1.1348255e-08
Coarse,2.0,0.05,n51,2,0.44642752,1.1669689e-08,1.1669689e-08
Coarse,2.0,0.05,n51,2,0.44717752,1.2000044e-08,1.2000044e-08
Coarse,2.0,0.05,n51,2,0.44792752,1.2339557e-08,1.2339557e-08
Coarse,2.0,0.05,n51,2,0.44867752,1.2688473e-08,1.2688473e-08
Coarse,2.0,0.05,n51,2,0.44942752,1.3047041e-08,1.3047041e-08
Coarse,2.0,0.05,n51,2,0.45017752,1.3415518e-08,1.3415518e-08
Coarse,2.0,0.05,n51,2,0.45092752,1.3794166e-08,1.3794166e-08
Coarse,2.0,0.05,n51,2,0.45167752,1.4183254e-08,1.4183254e-08
Coarse,2.0,0.05,n51,2,0.45242752,1.4583056e-08,1.4583056e-08
Coarse,2.0,0.05,n51,2,0.45317752,1.4993856e-08,1.4993856e-08
Coarse,2.0,0.05,n51,2,0.45392752,1.5415941e-08,1.5415941e-08
Coarse,2.0,0.05,n51,2,0.45467752,1.5849606e-08,1.5849606e-08
Coarse,2.0,0.05,n51,2,0.45542752,1.6295155e-08,1.6295155e-08
Coarse,2.0,0.05,n51,2,0.45617752,1.6752896e-08,1.6752896e-08
Coarse,2.0,0.05,n51,2,0.45692752,1.7223146e-08,1.7223146e-08
Coarse,2.0,0.05,n51,2,0.45767752,1.770623e-08,1.770623e-08
Coarse,2.0,0.05,n51,2,0.45842752,1.8202478e-08,1.8202478e-08
Coarse,2.0,0.05,n51,2,0.45917752,1.8712231e-08,1.8712231e-08
Coarse,2.0,0.05,n51,2,0.45992752,1.9235834e-08,1.9235834e-08
Coarse,2.0,0.05,n51,2,0.46067752,1.9773643e-08,1.9773643e-08
Coarse,2.0,0.05,n51,2,0.46142752,2.032602e-08,2.032602e-08
Coarse,2.0,0.05,n51,2,0.46217752,2.0893337e-08,2.0893337e-08
Coarse,2.0,0.05,n51,2,0.46292752,2.1475971e-08,2.1475971e-08
Coarse,2.0,0.05,n51,2,0.46367752,2.2074312e-08,2.2074312e-08
Coarse,2.0,0.05,n51,2,0.46442752,2.2688754e-08,2.2688754e-08
Coarse,2.0,0.05,n51,2,0.46517752,2.3319702e-08,2.3319702e-08
Coarse,2.0,0.05,n51,2,0.46592752,2.3967569e-08,2.3967569e-08
Coarse,2.0,0.05,n51,2,0.46667752,2.4632777e-08,2.4632777e-08
Coarse,2.0,0.05,n51,2,0.46742752,2.5315758e-08,2.5315758e-08
Coarse,2.0,0.05,n51,2,0.46817752,2.601695e-08,2.601695e-08
Coarse,2.0,0.05,n51,2,0.46892752,2.6736804e-08,2.6736804e-08
Coarse,2.0,0.05,n51,2,0.46967752,2.7475776e-08,2.7475776e-08
Coarse,2.0,0.05,n51,2,0.47042752,2.8234336e-08,2.8234336e-08
Coarse,2.0,0.05,n51,2,0.47117752,2.9012961e-08,2.9012961e-08
Coarse,2.0,0.05,n51,2,0.47192752,2.9812135e-08,2.9812135e-08
Coarse,2.0,0.05,n51,2,0.47267752,3.0632357e-08,3.0632357e-08
Coarse,2.0,0.05,n51,2,0.47342752,3.1474132e-08,3.1474132e-08
Coarse,2.0,0.05,n51,2,0.47417752,3.2337975e-08,3.2337975e-08
Coarse,2.0,0.05,n51,2,0.47492752,3.3224413e-08,3.3224413e-08
Coarse,2.0,0.05,n51,2,0.47567752,3.4133979e-08,3.4133979e-08
Coarse,2.0,0.05,n51,2,0.47642752,3.5067221e-08,3.5067221e-08
Coarse,2.0,0.05,n51,2,0.47717752,3.6024692e-08,3.6024692e-08
Coarse,2.0,0.05,n51,2,0.47792752,3.7006959e-08,3.7006959e-08
Coarse,2.0,0.05,n51,2,0.47867752,3.8014598e-08,3.8014598e-08
Coarse,2.0,0.05,n51,2,0.47942752,3.9048192e-08,3.9048192e-08
Coarse,2.0,0.05,n51,2,0.48017752,4.0108339e-08,4.0108339e-08
Coarse,2.0,0.05,n51,2,0.48092752,4.1195644e-08,4.1195644e-08
Coarse,2.0,0.05,n51,2,0.48167752,4.2310723e-08,4.2310723e-08
Coarse,2.0,0.05,n51,2,0.48242752,4.3454203e-08,4.3454203e-08
Coarse,2.0,0.05,n51,2,0.48317752,4.4626718e-08,4.4626718e-08
Coarse,2.0,0.05,n51,2,0.48392752,4.5828917e-08,4.5828917e-08
Coarse,2.0,0.05,n51,2,0.48467752,4.7061455e-08,4.7061455e-08
Coarse,2.0,0.05,n51,2,0.48542752,4.8324999e-08,4.8324999e-08
Coarse,2.0,0.05,n51,2,0.48617752,4.9620224e-08,4.9620224e-08
Coarse,2.0,0.05,n51,2,0.48692752,5.0947817e-08,5.0947817e-08
Coarse,2.0,0.05,n51,2,0.48767752,5.2308475e-08,5.2308475e-08
Coarse,2.0,0.05,n51,2,0.48842752,5.3702902e-08,5.3702902e-08
Coarse,2.0,0.05,n51,2,0.48917752,5.5131814e-08,5.5131814e-08
Coarse,2.0,0.05,n51,2,0.48992752,5.6595935e-08,5.6595935e-08
Coarse,2.0,0.05,n51,2,0.49067752,5.8096e-08,5.8096e-08
Coarse,2.0,0.05,n51,2,0.49142752,5.9632751e-08,5.9632751e-08
Coarse,2.0,0.05,n51,2,0.49217752,6.120694e-08,6.120694e-08
Coarse,2.0,0.05,n51,2,0.49292752,6.2819329e-08,6.2819329e-08
Coarse,2.0,0.05,n51,2,0.49367752,6.4470686e-08,6.4470686e-08
Coarse,2.0,0.05,n51,2,0.49442752,6.6161788e-08,6.6161788e-08
Coarse,2.0,0.05,n51,2,0.49517752,6.7893423e-08,6.7893423e-08
Coarse,2.0,0.05,n51,2,0.49592752,6.9666382e-08,6.9666382e-08
Coarse,2.0,0.05,n51,2,0.49667752,7.1481468e-08,7.1481468e-08
Coarse,2.0,0.05,n51,2,0.49742752,7.333949e-08,7.333949e-08
Coarse,2.0,0.05,n51,2,0.49817752,7.5241261e-08,7.5241261e-08
Coarse,2.0,0.05,n51,2,0.49892752,7.7187605e-08,7.7187605e-08
Coarse,2.0,0.05,n51,2,0.49967752,7.917935e-08,7.917935e-08
Coarse,2.0,0.05,n51,2,0.5,8.0049901e-08,8.0049901e-08
Coarse,2.0,0.05,n51,3,0.5005,8.1416751e-08,8.1416751e-08
Coarse,2.0,0.05,n51,3,0.50109852,8.3080501e-08,8.3080501e-08
Coarse,2.0,0.05,n51,3,0.50181497,8.5112164e-08,8.5112164e-08
Coarse,2.0,0.05,n51,3,0.50267258,8.7602572e-08,8.7602572e-08
Coarse,2.0,0.05,n51,3,0.50369918,9.0669108e-08,9.0669108e-08
Coarse,2.0,0.05,n51,3,0.50492806,9.4465198e-08,9.4465198e-08
Coarse,2.0,0.05,n51,3,0.50639907,9.9193898e-08,9.9193898e-08
Coarse,2.0,0.05,n51,3,0.50815992,1.051276e-07,1.051276e-07
Coarse,2.0,0.05,n51,3,0.51026773,1.1263699e-07,1.1263699e-07
Coarse,2.0,0.05,n51,3,0.51279085,1.2223416e-07,1.2223416e-07
Coarse,2.0,0.05,n51,3,0.51581112,1.3463738e-07,1.3463738e-07
Coarse,2.0,0.05,n51,3,0.51942649,1.5086895e-07,1.5086895e-07
Coarse,2.0,0.05,n51,3,0.52374888,1.7237489e-07,1.7237489e-07
Coarse,2.0,0.05,n51,3,0.52874888,2.0028352e-07,2.0028352e-07
Coarse,2.0,0.05,n51,3,0.53374888,2.3162722e-07,2.3162722e-07
Coarse,2.0,0.05,n51,3,0.53874888,2.6655704e-07,2.6655704e-07
Coarse,2.0,0.05,n51,3,0.54374888,3.05171e-07,3.05171e-07
Coarse,2.0,0.05,n51,3,0.54874888,3.475046e-07,3.475046e-07
Coarse,2.0,0.05,n51,3,0.55374888,3.9352336e-07,3.9352336e-07
Coarse,2.0,0.05,n51,3,0.55874888,4.4311785e-07,4.4311785e-07
Coarse,2.0,0.05,n51,3,0.56374888,4.9610209e-07,4.9610209e-07
Coarse,2.0,0.05,n51,3,0.56874888,5.5221556e-07,5.5221556e-07
Coarse,2.0,0.05,n51,3,0.57374888,6.1112909e-07,6.1112909e-07
Coarse,2.0,0.05,n51,3,0.57874888,6.724544e-07,6.724544e-07
Coarse,2.0,0.05,n51,3,0.58374888,7.3575693e-07,7.3575693e-07
Coarse,2.0,0.05,n51,3,0.58874888,8.0057106e-07,8.0057106e-07
Coarse,2.0,0.05,n51,3,0.59374888,8.6641668e-07,8.6641668e-07
Coarse,2.0,0.05,n51,3,0.59874888,9.3281585e-07,9.3281585e-07
Coarse,2.0,0.05,n51,3,0.60374888,9.993084e-07,9.993084e-07
Coarse,2.0,0.05,n51,3,0.60874888,1.0654654e-06,1.0654654e-06
Coarse,2.0,0.05,n51,3,0.61374888,1.1308996e-06,1.1308996e-06
Coarse,2.0,0.05,n51,3,0.61874888,1.1952729e-06,1.1952729e-06
Coarse,2.0,0.05,n51,3,0.62374888,1.2583001e-06,1.2583001e-06
Coarse,2.0,0.05,n51,3,0.62874888,1.3197494e-06,1.3197494e-06
Coarse,2.0,0.05,n51,3,0.63374888,1.3794414e-06,1.3794414e-06
Coarse,2.0,0.05,n51,3,0.63874888,1.4372449e-06,1.4372449e-06
Coarse,2.0,0.05,n51,3,0.64374888,1.4930721e-06,1.4930721e-06
Coarse,2.0,0.05,n51,3,0.64874888,1.5468727e-06,1.5468727e-06
Coarse,2.0,0.05,n51,3,0.65374888,1.5986284e-06,1.5986284e-06
Coarse,2.0,0.05,n51,3,0.65874888,1.6483473e-06,1.6483473e-06
Coarse,2.0,0.05,n51,3,0.66374888,1.6960579e-06,1.6960579e-06
Coarse,2.0,0.05,n51,3,0.66874888,1.7418051e-06,1.7418051e-06
Coarse,2.0,0.05,n51,3,0.67374888,1.7856458e-06,1.7856458e-06
Coarse,2.0,0.05,n51,3,0.67874888,1.8276453e-06,1.8276453e-06
Coarse,2.0,0.05,n51,3,0.68374888,1.8678749e-06,1.8678749e-06
Coarse,2.0,0.05,n51,3,0.68874888,1.906409e-06,1.906409e-06
Coarse,2.0,0.05,n51,3,0.69374888,1.9433237e-06,1.9433237e-06
Coarse,2.0,0.05,n51,3,0.69874888,1.9786953e-06,1.9786953e-06
Coarse,2.0,0.05,n51,3,0.70374888,2.012599e-06,2.012599e-06
Coarse,2.0,0.05,n51,3,0.70874888,2.0451086e-06,2.0451086e-06
Coarse,2.0,0.05,n51,3,0.71374888,2.0762953e-06,2.0762953e-06
Coarse,2.0,0.05,n51,3,0.71874888,2.1062276e-06,2.1062276e-06
Coarse,2.0,0.05,n51,3,0.72374888,2.1349712e-06,2.1349712e-06
Coarse,2.0,0.05,n51,3,0.72874888,2.1625888e-06,2.1625888e-06
Coarse,2.0,0.05,n51,3,0.73374888,2.1891393e-06,2.1891393e-06
Coarse,2.0,0.05,n51,3,0.73874888,2.2146799e-06,2.2146799e-06
Coarse,2.0,0.05,n51,3,0.74374888,2.2392634e-06,2.2392634e-06
Coarse,2.0,0.05,n51,3,0.74874888,2.26294e-06,2.26294e-06
Coarse,2.0,0.05,n51,3,0.75374888,2.2857572e-06,2.2857572e-06
Coarse,2.0,0.05,n51,3,0.75874888,2.3077594e-06,2.3077594e-06
Coarse,2.0,0.05,n51,3,0.76374888,2.3289887e-06,2.3289887e-06
Coarse,2.0,0.05,n51,3,0.76874888,2.3494845e-06,2.3494845e-06
Coarse,2.0,0.05,n51,3,0.77374888,2.369284e-06,2.369284e-06
Coarse,2.0,0.05,n51,3,0.77874888,2.3884221e-06,2.3884221e-06
Coarse,2.0,0.05,n51,3,0.78374888,2.4069315e-06,2.4069315e-06
Coarse,2.0,0.05,n51,3,0.78874888,2.4248432e-06,2.4248432e-06
Coarse,2.0,0.05,n51,3,0.79374888,2.4421861e-06,2.4421861e-06
Coarse,2.0,0.05,n51,3,0.79874888,2.4589875e-06,2.4589875e-06
Coarse,2.0,0.05,n51,3,0.80374888,2.4752731e-06,2.4752731e-06
Coarse,2.0,0.05,n51,3,0.80874888,2.4910671e-06,2.4910671e-06
Coarse,2.0,0.05,n51,3,0.81374888,2.5063922e-06,2.5063922e-06
Coarse,2.0,0.05,n51,3,0.81874888,2.52127e-06,2.52127e-06
Coarse,2.0,0.05,n51,3,0.82374888,2.5357206e-06,2.5357206e-06
Coarse,2.0,0.05,n51,3,0.82874888,2.549763e-06,2.549763e-06
Coarse,2.0,0.05,n51,3,0.83374888,2.5634153e-06,2.5634153e-06
Coarse,2.0,0.05,n51,3,0.83874888,2.5766944e-06,2.5766944e-06
Coarse,2.0,0.05,n51,3,0.84374888,2.5896164e-06,2.5896164e-06
Coarse,2.0,0.05,n51,3,0.84874888,2.6021965e-06,2.6021965e-06
Coarse,2.0,0.05,n51,3,0.85374888,2.6144489e-06,2.6144489e-06
Coarse,2.0,0.05,n51,3,0.85874888,2.6263873e-06,2.6263873e-06
Coarse,2.0,0.05,n51,3,0.86374888,2.6380245e-06,2.6380245e-06
Coarse,2.0,0.05,n51,3,0.86874888,2.6493725e-06,2.6493725e-06
Coarse,2.0,0.05,n51,3,0.87374888,2.6604431e-06,2.6604431e-06
Coarse,2.0,0.05,n51,3,0.87874888,2.671247e-06,2.671247e-06
Coarse,2.0,0.05,n51,3,0.88374888,2.6817946e-06,2.6817946e-06
Coarse,2.0,0.05,n51,3,0.88874888,2.6920959e-06,2.6920959e-06
Coarse,2.0,0.05,n51,3,0.89374888,2.7021601e-06,2.7021601e-06
Coarse,2.0,0.05,n51,3,0.89874888,2.7119961e-06,2.7119961e-06
Coarse,2.0,0.05,n51,3,0.90374888,2.7216125e-06,2.7216125e-06
Coarse,2.0,0.05,n51,3,0.90874888,2.7310171e-06,2.7310171e-06
Coarse,2.0,0.05,n51,3,0.91374888,2.7402176e-06,2.7402176e-06
Coarse,2.0,0.05,n51,3,0.91874888,2.7492215e-06,2.7492215e-06
Coarse,2.0,0.05,n51,3,0.92374888,2.7580355e-06,2.7580355e-06
Coarse,2.0,0.05,n51,3,0.92874888,2.7666663e-06,2.7666663e-06
Coarse,2.0,0.05,n51,3,0.93374888,2.7751202e-06,2.7751202e-06
Coarse,2.0,0.05,n51,3,0.93874888,2.7834033e-06,2.7834033e-06
Coarse,2.0,0.05,n51,3,0.94374888,2.7915212e-06,2.7915212e-06
Coarse,2.0,0.05,n51,3,0.94874888,2.7994796e-06,2.7994796e-06
Coarse,2.0,0.05,n51,3,0.95374888,2.8072836e-06,2.8072836e-06
Coarse,2.0,0.05,n51,3,0.95874888,2.8149382e-06,2.8149382e-06
Coarse,2.0,0.05,n51,3,0.96374888,2.8224483e-06,2.8224483e-06
Coarse,2.0,0.05,n51,3,0.96874888,2.8298184e-06,2.8298184e-06
Coarse,2.0,0.05,n51,3,0.97374888,2.8370529e-06,2.8370529e-06
Coarse,2.0,0.05,n51,3,0.97874888,2.8441562e-06,2.8441562e-06
Coarse,2.0,0.05,n51,3,0.98374888,2.8511321e-06,2.8511321e-06
Coarse,2.0,0.05,n51,3,0.98874888,2.8579846e-06,2.8579846e-06
Coarse,2.0,0.05,n51,3,0.99374888,2.8647173e-06,2.8647173e-06
Coarse,2.0,0.05,n51,3,0.99874888,2.8713339e-06,2.8713339e-06
Coarse,2.0,0.05,n51,3,1,2.8729711e-06,2.8729711e-06
